timestamp,dataset,backbone,method,accuracy
2026-09-21 21:37:03,caltech101,ViT-B/16,TDA,94.1582
2026-09-21 21:37:23,dtd,ViT-B/16,TDA,45.2128
2026-09-21 21:59:02,caltech101,ViT-B/16,TDA,94.1582
2026-09-21 21:59:19,dtd,ViT-B/16,TDA,45.0355
2026-09-21 22:00:36,eurosat,ViT-B/16,TDA,61.9259
2026-09-21 22:01:12,fgvc,ViT-B/16,TDA,25.1125
2026-09-21 22:06:27,food101,ViT-B/16,TDA,86.1485
2026-09-21 22:06:54,oxford_flowers,ViT-B/16,TDA,71.7824
2026-09-21 22:07:31,oxford_pets,ViT-B/16,TDA,89.6430
2026-09-21 22:08:10,ucf101,ViT-B/16,TDA,70.5789
