timestamp,dataset,backbone,token_pruning,pruning_schedule,accuracy
2026-09-21 19:05:11,caltech101,ViT-B/16,Ours-0.1,0.9-0.9-0.9,90.8722
2026-09-21 19:06:13,dtd,ViT-B/16,Ours-0.1,0.9-0.9-0.9,44.4444
2026-09-21 19:09:59,eurosat,ViT-B/16,Ours-0.1,0.9-0.9-0.9,56.9753
2026-09-21 19:12:41,fgvc,ViT-B/16,Ours-0.1,0.9-0.9-0.9,22.3822
2026-09-21 19:41:33,food101,ViT-B/16,Ours-0.1,0.9-0.9-0.9,79.3828
2026-09-21 19:43:20,oxford_flowers,ViT-B/16,Ours-0.1,0.9-0.9-0.9,69.3463
2026-09-21 19:45:29,oxford_pets,ViT-B/16,Ours-0.1,0.9-0.9-0.9,84.5189
2026-09-21 19:48:38,ucf101,ViT-B/16,Ours-0.1,0.9-0.9-0.9,65.9001
2026-09-21 19:50:26,caltech101,ViT-B/16,Ours-0.1,0.97-0.9-0.68,36.1866
2026-09-21 19:51:21,dtd,ViT-B/16,Ours-0.1,0.97-0.9-0.68,5.3191
2026-09-21 19:55:04,eurosat,ViT-B/16,Ours-0.1,0.97-0.9-0.68,8.4691
2026-09-21 19:57:23,fgvc,ViT-B/16,Ours-0.1,0.97-0.9-0.68,2.8503
2026-09-21 20:17:34,food101,ViT-B/16,Ours-0.1,0.97-0.9-0.68,10.8317
2026-09-21 20:19:00,oxford_flowers,ViT-B/16,Ours-0.1,0.97-0.9-0.68,6.6585
2026-09-21 20:21:07,oxford_pets,ViT-B/16,Ours-0.1,0.97-0.9-0.68,22.0496
2026-09-21 20:23:13,ucf101,ViT-B/16,Ours-0.1,0.97-0.9-0.68,11.4459
2026-09-21 20:25:01,caltech101,ViT-B/16,Ours-0.1,0.68-0.9-0.97,18.7424
2026-09-21 20:25:59,dtd,ViT-B/16,Ours-0.1,0.68-0.9-0.97,14.7163
2026-09-21 20:29:18,eurosat,ViT-B/16,Ours-0.1,0.68-0.9-0.97,20.9012
2026-09-21 20:31:54,fgvc,ViT-B/16,Ours-0.1,0.68-0.9-0.97,3.6004
2026-09-21 20:51:42,food101,ViT-B/16,Ours-0.1,0.68-0.9-0.97,3.8284
2026-09-21 20:53:18,oxford_flowers,ViT-B/16,Ours-0.1,0.68-0.9-0.97,7.0240
2026-09-21 20:55:29,oxford_pets,ViT-B/16,Ours-0.1,0.68-0.9-0.97,25.4838
2026-09-21 20:58:01,ucf101,ViT-B/16,Ours-0.1,0.68-0.9-0.97,9.5163
2026-09-21 20:59:50,caltech101,ViT-B/16,Ours-0.1,0.9-0.7-0.95,38.3773
2026-09-21 21:00:45,dtd,ViT-B/16,Ours-0.1,0.9-0.7-0.95,21.3948
2026-09-21 21:04:13,eurosat,ViT-B/16,Ours-0.1,0.9-0.7-0.95,17.7284
2026-09-21 21:06:48,fgvc,ViT-B/16,Ours-0.1,0.9-0.7-0.95,5.6706
2026-09-21 21:29:48,food101,ViT-B/16,Ours-0.1,0.9-0.7-0.95,5.1188
2026-09-21 21:31:28,oxford_flowers,ViT-B/16,Ours-0.1,0.9-0.7-0.95,9.6630
2026-09-21 21:33:40,oxford_pets,ViT-B/16,Ours-0.1,0.9-0.7-0.95,37.6669
2026-09-21 21:36:19,ucf101,ViT-B/16,Ours-0.1,0.9-0.7-0.95,21.7817
