timestamp,dataset,backbone,token_pruning,accuracy
2026-09-21 17:03:28,caltech101,ViT-B/16,Ours-0.1,90.8722
2026-09-21 17:04:23,dtd,ViT-B/16,Ours-0.1,44.4444
2026-09-21 17:08:12,eurosat,ViT-B/16,Ours-0.1,56.9753
2026-09-21 17:10:55,fgvc,ViT-B/16,Ours-0.1,22.3822
2026-09-21 17:38:06,food101,ViT-B/16,Ours-0.1,79.3828
2026-09-21 17:39:48,oxford_flowers,ViT-B/16,Ours-0.1,69.3463
2026-09-21 17:42:03,oxford_pets,ViT-B/16,Ours-0.1,84.5189
2026-09-21 17:45:15,ucf101,ViT-B/16,Ours-0.1,65.9001
2026-09-21 17:47:02,caltech101,ViT-B/16,EViT-0.1,93.1846
2026-09-21 17:47:54,dtd,ViT-B/16,EViT-0.1,45.9220
2026-09-21 17:50:37,eurosat,ViT-B/16,EViT-0.1,66.1852
2026-09-21 17:53:03,fgvc,ViT-B/16,EViT-0.1,23.9724
2026-09-21 18:18:06,food101,ViT-B/16,EViT-0.1,85.0858
2026-09-21 18:19:41,oxford_flowers,ViT-B/16,EViT-0.1,72.3914
2026-09-21 18:21:34,oxford_pets,ViT-B/16,EViT-0.1,88.7980
2026-09-21 18:24:07,ucf101,ViT-B/16,EViT-0.1,71.0283
2026-09-21 18:26:00,caltech101,ViT-B/16,ToME-0.1,92.5761
2026-09-21 18:26:50,dtd,ViT-B/16,ToME-0.1,44.7400
2026-09-21 18:29:33,eurosat,ViT-B/16,ToME-0.1,46.7901
2026-09-21 18:32:00,fgvc,ViT-B/16,ToME-0.1,24.2724
2026-09-21 18:57:14,food101,ViT-B/16,ToME-0.1,84.8680
2026-09-21 18:58:52,oxford_flowers,ViT-B/16,ToME-0.1,69.4275
2026-09-21 19:00:44,oxford_pets,ViT-B/16,ToME-0.1,87.9531
2026-09-21 19:02:56,ucf101,ViT-B/16,ToME-0.1,68.7285
